id,timestamp,package_name,mastery_score,time_spent_ms,additional_data,research_experiment,experiment_group,word_text,word_id
3089,1771621153,ai.elimu.kukariri,1.0,1293,,0,0,ไป,30
3090,1771621156,ai.elimu.kukariri,1.0,2885,,0,0,มา,35
3091,1771621173,ai.elimu.kukariri,1.0,16960,,0,0,มี,6
3092,1771621203,ai.elimu.kukariri,1.0,30116,,0,0,เป็น,180
3093,1771621227,ai.elimu.kukariri,0.0,23927,,0,0,อยู่,182
3094,1771621239,ai.elimu.kukariri,0.0,11172,,0,0,นก,63
3095,1771621290,ai.elimu.kukariri,0.0,6722,,0,0,พ่อ,208
3096,1771621303,ai.elimu.kukariri,0.0,13343,,0,0,หวาน,8
3097,1771621312,ai.elimu.kukariri,1.0,8838,,0,0,แพง,9
3098,1771621318,ai.elimu.kukariri,1.0,2357,,0,0,อยู่,182
3099,1774458730,ai.elimu.kukariri,1.0,1664,,0,0,ไป,30
3100,1774816857,ai.elimu.kukariri,1.0,4347,,0,0,ไป,30
3101,1775166932,ai.elimu.kukariri,1.0,54617,,0,0,ไป,30
3102,1775166970,ai.elimu.kukariri,1.0,37396,,0,0,มา,35
3103,1775166979,ai.elimu.kukariri,1.0,9316,,0,0,มี,6
3104,1775167650,ai.elimu.kukariri,1.0,18765,,0,0,เป็น,180
3105,1775167671,ai.elimu.kukariri,0.0,20985,,0,0,อยู่,182
3106,1775167708,ai.elimu.kukariri,1.0,37080,,0,0,นก,63
3107,1775167996,ai.elimu.kukariri,1.0,20634,,0,0,อยู่,182
3108,1775168000,ai.elimu.kukariri,1.0,4263,,0,0,พ่อ,208
3109,1775168020,ai.elimu.kukariri,0.0,19105,,0,0,หวาน,8
3110,1775168041,ai.elimu.kukariri,1.0,21610,,0,0,แพง,9
3111,1775168046,ai.elimu.kukariri,0.0,4433,,0,0,หวาน,8
3112,1775168049,ai.elimu.kukariri,0.0,3261,,0,0,หวาน,8
3113,1775168052,ai.elimu.kukariri,1.0,2888,,0,0,หวาน,8
3114,1776248164,ai.elimu.kukariri,1.0,10162,,0,0,ไป,30
3115,1776248167,ai.elimu.kukariri,1.0,2987,,0,0,มา,35
3116,1776248170,ai.elimu.kukariri,1.0,2859,,0,0,มี,6
3117,1776248255,ai.elimu.kukariri,1.0,85328,,0,0,เป็น,180
3118,1776248994,ai.elimu.kukariri,0.0,656,,0,0,อยู่,182
3119,1776250117,ai.elimu.kukariri,0.0,314,,0,0,อยู่,182
3120,1776250231,ai.elimu.kukariri,1.0,113608,,0,0,ดี,48
3121,1776252349,ai.elimu.kukariri,0.0,2678,,0,0,อยู่,182
3122,1776252351,ai.elimu.kukariri,1.0,1884,,0,0,ดี,48
3123,1776252356,ai.elimu.kukariri,1.0,4965,,0,0,เห็น,194
3124,1776521311,ai.elimu.kukariri,1.0,6616,,0,0,ไป,30
3125,1776521314,ai.elimu.kukariri,1.0,3308,,0,0,มา,35
3126,1776521326,ai.elimu.kukariri,1.0,12619,,0,0,มี,6
3127,1776521338,ai.elimu.kukariri,1.0,11706,,0,0,เป็น,180
3128,1776521359,ai.elimu.kukariri,0.0,21145,,0,0,อยู่,182
3129,1776521363,ai.elimu.kukariri,1.0,3275,,0,0,ดี,48
3130,1776521372,ai.elimu.kukariri,0.0,9422,,0,0,เห็น,194
3131,1776521385,ai.elimu.kukariri,0.0,12487,,0,0,ลง,82
3132,1776521418,ai.elimu.kukariri,1.0,33126,,0,0,นก,63
3133,1776521436,ai.elimu.kukariri,0.0,18531,,0,0,ทาง,64
3134,1776521452,ai.elimu.kukariri,1.0,15471,,0,0,กิน,71
3135,1776521466,ai.elimu.kukariri,1.0,14015,,0,0,พ่อ,208
3136,1776521528,ai.elimu.kukariri,0.0,11079,,0,0,อยู่,182
3137,1776521531,ai.elimu.kukariri,1.0,2996,,0,0,เห็น,194
3138,1776521536,ai.elimu.kukariri,0.0,2213,,0,0,อยู่,182
3139,1776521544,ai.elimu.kukariri,0.0,7552,,0,0,ลง,82
3140,1776521547,ai.elimu.kukariri,0.0,2993,,0,0,ทาง,64
3141,1776521564,ai.elimu.kukariri,0.0,17360,,0,0,เจอ,166
3142,1776521723,ai.elimu.kukariri,0.0,158640,,0,0,หวาน,8
3143,1776521734,ai.elimu.kukariri,0.0,11570,,0,0,กระรอก,60
3144,1776522199,ai.elimu.kukariri,1.0,186292,,0,0,แพง,9
3145,1776524070,ai.elimu.kukariri,0.0,4410,,0,0,อยู่,182
3146,1776524074,ai.elimu.kukariri,1.0,3422,,0,0,เห็น,194
3147,1776524077,ai.elimu.kukariri,1.0,2997,,0,0,ลง,82
3148,1776524080,ai.elimu.kukariri,1.0,3572,,0,0,ทาง,64
3149,1776524083,ai.elimu.kukariri,1.0,2971,,0,0,กิน,71
3150,1776524088,ai.elimu.kukariri,0.0,4103,,0,0,เจอ,166
3151,1787844451,ai.elimu.kukariri,1.0,14640,,0,0,ไป,30
3152,1787844465,ai.elimu.kukariri,0.0,14774,,0,0,มา,35
3153,1787844483,ai.elimu.kukariri,0.0,18032,,0,0,มี,6
3154,1787844499,ai.elimu.kukariri,1.0,15183,,0,0,เป็น,180
3155,1787844505,ai.elimu.kukariri,0.0,5968,,0,0,อยู่,182
3156,1787844517,ai.elimu.kukariri,0.0,11894,,0,0,ดี,48
3157,1787889419,ai.elimu.kukariri,0.0,78476,,0,0,มา,35
3158,1787889433,ai.elimu.kukariri,1.0,13583,,0,0,มี,6
3159,1787929890,ai.elimu.kukariri,0.0,458006,,0,0,มา,35
3160,1787929894,ai.elimu.kukariri,1.0,3621,,0,0,มี,6
3161,1787929897,ai.elimu.kukariri,0.0,3790,,0,0,อยู่,182
3162,1787929899,ai.elimu.kukariri,1.0,2022,,0,0,ดี,48
3163,1787929910,ai.elimu.kukariri,0.0,10285,,0,0,เห็น,194
3164,1787929926,ai.elimu.kukariri,0.0,16248,,0,0,ลง,82
3165,1787929939,ai.elimu.kukariri,1.0,12706,,0,0,นก,63
3166,1787973161,ai.elimu.kukariri,0.0,6039,,0,0,มา,35
3167,1787973166,ai.elimu.kukariri,1.0,5504,,0,0,มี,6
3168,1787973173,ai.elimu.kukariri,0.0,6649,,0,0,อยู่,182
3169,1787973176,ai.elimu.kukariri,1.0,3613,,0,0,ดี,48
3170,1788003064,ai.elimu.kukariri,1.0,18523,,0,0,มา,35
3171,1788003071,ai.elimu.kukariri,1.0,7195,,0,0,มี,6
3172,1788003106,ai.elimu.kukariri,0.0,34807,,0,0,อยู่,182
3173,1788003110,ai.elimu.kukariri,1.0,4054,,0,0,ดี,48
3174,1788004182,ai.elimu.kukariri,1.0,3457,,0,0,เห็น,194
3175,1788004191,ai.elimu.kukariri,0.0,8416,,0,0,ลง,82
3176,1788004194,ai.elimu.kukariri,1.0,3343,,0,0,นก,63
3177,1788004202,ai.elimu.kukariri,0.0,8064,,0,0,ทาง,64
3178,1788004211,ai.elimu.kukariri,1.0,9100,,0,0,กิน,71
3179,1788004220,ai.elimu.kukariri,0.0,8999,,0,0,พ่อ,208
3180,1788004237,ai.elimu.kukariri,0.0,16453,,0,0,เจอ,166
3181,1788004259,ai.elimu.kukariri,1.0,22423,,0,0,ชอบ,87
3182,1788104338,ai.elimu.kukariri,1.0,41409,,0,0,มา,35
3183,1788104350,ai.elimu.kukariri,1.0,11781,,0,0,มี,6
3184,1788104599,ai.elimu.kukariri,0.0,249100,,0,0,เป็น,180
3185,1788104608,ai.elimu.kukariri,1.0,9716,,0,0,อยู่,182
3186,1788104611,ai.elimu.kukariri,1.0,2844,,0,0,ดี,48
3187,1788104615,ai.elimu.kukariri,1.0,3644,,0,0,เห็น,194
3188,1788104624,ai.elimu.kukariri,0.0,8973,,0,0,ลง,82
3189,1788104851,ai.elimu.kukariri,0.0,227392,,0,0,พูด,111
3190,1788104854,ai.elimu.kukariri,1.0,2971,,0,0,นก,63
3191,1788104862,ai.elimu.kukariri,0.0,8123,,0,0,ทาง,64
3192,1788104866,ai.elimu.kukariri,1.0,3241,,0,0,กิน,71
3193,1788104872,ai.elimu.kukariri,1.0,6500,,0,0,พ่อ,208
3194,1788104883,ai.elimu.kukariri,0.0,10862,,0,0,เจอ,166
3195,1788104894,ai.elimu.kukariri,1.0,11215,,0,0,ชอบ,87
3196,1788104902,ai.elimu.kukariri,1.0,7654,,0,0,ใจ,151
3197,1788104911,ai.elimu.kukariri,0.0,9370,,0,0,หวาน,8
3198,1788192808,ai.elimu.kukariri,1.0,2686,,0,0,มา,35
3199,1788192811,ai.elimu.kukariri,1.0,2665,,0,0,เป็น,180
3200,1788192814,ai.elimu.kukariri,0.0,3633,,0,0,ตัว,74
3201,1788192817,ai.elimu.kukariri,1.0,2838,,0,0,อยู่,182
3202,1788192820,ai.elimu.kukariri,1.0,2805,,0,0,ดี,48
3203,1788192824,ai.elimu.kukariri,1.0,3711,,0,0,เห็น,194
3204,1788192828,ai.elimu.kukariri,0.0,3638,,0,0,ลง,82
3205,1788192834,ai.elimu.kukariri,1.0,6382,,0,0,พูด,111
3206,1788192843,ai.elimu.kukariri,1.0,9545,,0,0,ทาง,64
3207,1788192846,ai.elimu.kukariri,1.0,2881,,0,0,กิน,71
3208,1788192849,ai.elimu.kukariri,1.0,3140,,0,0,พ่อ,208
3209,1788192859,ai.elimu.kukariri,0.0,9336,,0,0,เจอ,166
3210,1788261756,ai.elimu.kukariri,1.0,5649,,0,0,มา,35
3211,1788261768,ai.elimu.kukariri,0.0,11592,,0,0,เป็น,180
3212,1788325945,ai.elimu.kukariri,1.0,9361,,0,0,มา,35
3213,1788325948,ai.elimu.kukariri,1.0,3621,,0,0,เป็น,180
3214,1788325951,ai.elimu.kukariri,1.0,2439,,0,0,ตัว,74
3215,1788325959,ai.elimu.kukariri,1.0,8187,,0,0,อยู่,182
3216,1788325963,ai.elimu.kukariri,1.0,3664,,0,0,เห็น,194
3217,1788326146,ai.elimu.kukariri,0.0,183258,,0,0,ลง,82
3218,1788326153,ai.elimu.kukariri,1.0,7116,,0,0,พูด,111
3219,1788329102,ai.elimu.kukariri,1.0,39593,,0,0,เป็น,180
3220,1788329158,ai.elimu.kukariri,0.0,56097,,0,0,ตัว,74
3221,1788329180,ai.elimu.kukariri,1.0,21706,,0,0,ลง,82
3222,1788329304,ai.elimu.kukariri,1.0,124349,,0,0,ทาง,64
3223,1788329371,ai.elimu.kukariri,1.0,66235,,0,0,พ่อ,208
3224,1788329387,ai.elimu.kukariri,0.0,16040,,0,0,เจอ,166
3225,1788329476,ai.elimu.kukariri,1.0,89637,,0,0,ชอบ,87
3226,1788329508,ai.elimu.kukariri,0.0,31330,,0,0,สวย,135
3227,1788329622,ai.elimu.kukariri,0.0,114820,,0,0,ใจ,151
3228,1788532243,ai.elimu.kukariri,1.0,15286,,0,0,มี,6
3229,1788532249,ai.elimu.kukariri,1.0,5937,,0,0,เป็น,180
3230,1788532253,ai.elimu.kukariri,0.0,4658,,0,0,ตัว,74
3231,1788532256,ai.elimu.kukariri,0.0,3136,,0,0,อยู่,182
3232,1788532260,ai.elimu.kukariri,1.0,3744,,0,0,ดี,48
3233,1788532265,ai.elimu.kukariri,1.0,4445,,0,0,เห็น,194
3234,1788532269,ai.elimu.kukariri,1.0,4248,,0,0,ลง,82
3235,1788532272,ai.elimu.kukariri,1.0,3085,,0,0,พูด,111
3236,1788532275,ai.elimu.kukariri,1.0,3493,,0,0,นก,63
3237,1788532279,ai.elimu.kukariri,1.0,4041,,0,0,ทาง,64
3238,1788532283,ai.elimu.kukariri,1.0,3101,,0,0,กิน,71
3239,1788532287,ai.elimu.kukariri,1.0,4294,,0,0,พ่อ,208
3240,1788532290,ai.elimu.kukariri,1.0,3147,,0,0,เจอ,166
3241,1788532298,ai.elimu.kukariri,1.0,7889,,0,0,ชอบ,87
3242,1788532303,ai.elimu.kukariri,1.0,4867,,0,0,สวย,135
3243,1788532306,ai.elimu.kukariri,1.0,3428,,0,0,ใจ,151
3244,1788532318,ai.elimu.kukariri,1.0,11788,,0,0,ครอบครัว,160
3245,1788532327,ai.elimu.kukariri,0.0,8668,,0,0,หวาน,8
3246,1788532342,ai.elimu.kukariri,0.0,15245,,0,0,กระรอก,60
3247,1788532354,ai.elimu.kukariri,0.0,12288,,0,0,แพง,9
3248,1788532366,ai.elimu.kukariri,1.0,11469,,0,0,ตัว,74
3249,1788532375,ai.elimu.kukariri,1.0,9211,,0,0,อยู่,182
3250,1788532381,ai.elimu.kukariri,1.0,6330,,0,0,หวาน,8
3251,1788532385,ai.elimu.kukariri,1.0,3698,,0,0,กระรอก,60
3252,1788532387,ai.elimu.kukariri,1.0,2329,,0,0,แพง,9
3253,1788616707,ai.elimu.kukariri,1.0,19497,,0,0,มา,35
3254,1788616712,ai.elimu.kukariri,1.0,4371,,0,0,เป็น,180
3255,1788616923,ai.elimu.kukariri,0.0,12152,,0,0,ตัว,74
3256,1788695953,ai.elimu.kukariri,0.0,111602,,0,0,อยู่,182
3257,1788695962,ai.elimu.kukariri,0.0,8943,,0,0,แม่,187
3258,1788695968,ai.elimu.kukariri,1.0,6484,,0,0,ลง,82
3259,1788695972,ai.elimu.kukariri,1.0,4023,,0,0,พูด,111
3260,1788695980,ai.elimu.kukariri,1.0,7660,,0,0,ช่วย,201
3261,1788695985,ai.elimu.kukariri,1.0,5324,,0,0,ทาง,64
3262,1788695995,ai.elimu.kukariri,1.0,10220,,0,0,พ่อ,208
3263,1788696002,ai.elimu.kukariri,1.0,6687,,0,0,เจอ,166
3264,1788696010,ai.elimu.kukariri,1.0,7685,,0,0,ชอบ,87
3265,1788696024,ai.elimu.kukariri,0.0,14175,,0,0,สวย,135
3266,1788696027,ai.elimu.kukariri,1.0,2637,,0,0,ใจ,151
3267,1788696030,ai.elimu.kukariri,1.0,3427,,0,0,ครอบครัว,160
3268,1788696036,ai.elimu.kukariri,0.0,5611,,0,0,หวาน,8
3269,1788696044,ai.elimu.kukariri,1.0,8673,,0,0,กระรอก,60
3270,1788696048,ai.elimu.kukariri,1.0,3644,,0,0,แพง,9
3271,1788696060,ai.elimu.kukariri,1.0,12292,,0,0,ตัว,74
3272,1788696106,ai.elimu.kukariri,0.0,45245,,0,0,อยู่,182
3273,1788696112,ai.elimu.kukariri,1.0,6708,,0,0,แม่,187
3274,1788696114,ai.elimu.kukariri,1.0,2221,,0,0,สวย,135
3275,1788696117,ai.elimu.kukariri,1.0,2422,,0,0,หวาน,8
3276,1788696119,ai.elimu.kukariri,1.0,1793,,0,0,อยู่,182
3277,1789310390,ai.elimu.kukariri,1.0,37969,,0,0,เป็น,180
3278,1789310401,ai.elimu.kukariri,1.0,11152,,0,0,ตัว,74
3279,1789310408,ai.elimu.kukariri,0.0,6968,,0,0,อยู่,182
3280,1789310414,ai.elimu.kukariri,1.0,5621,,0,0,แม่,187
3281,1789310425,ai.elimu.kukariri,0.0,10825,,0,0,เห็น,194
3282,1789310430,ai.elimu.kukariri,1.0,4796,,0,0,ลง,82
3283,1789310433,ai.elimu.kukariri,1.0,3707,,0,0,พูด,111
3284,1789310443,ai.elimu.kukariri,0.0,9748,,0,0,ช่วย,201
3285,1789310454,ai.elimu.kukariri,0.0,1749,,0,0,ทาง,64
3286,1790587822,ai.elimu.kukariri,1.0,16277,,0,0,มา,35
3287,1790587834,ai.elimu.kukariri,1.0,12493,,0,0,มี,6
3288,1790587838,ai.elimu.kukariri,1.0,3839,,0,0,เป็น,180
3289,1790587852,ai.elimu.kukariri,0.0,13563,,0,0,ตัว,74
3290,1790682649,ai.elimu.kukariri,0.0,7977,,0,0,ตัว,74
3291,1790682653,ai.elimu.kukariri,0.0,4040,,0,0,อยู่,182
3292,1790682664,ai.elimu.kukariri,1.0,11256,,0,0,แม่,187
3293,1790682677,ai.elimu.kukariri,0.0,12888,,0,0,น้อย,191
3294,1790682721,ai.elimu.kukariri,0.0,2155,,0,0,ตัว,74
3295,1790682723,ai.elimu.kukariri,0.0,1434,,0,0,อยู่,182
3296,1790682736,ai.elimu.kukariri,0.0,13504,,0,0,น้อย,191
3297,1790682739,ai.elimu.kukariri,1.0,2691,,0,0,ดี,48
3298,1790860875,ai.elimu.kukariri,1.0,27605,,0,0,ตัว,74
3299,1790860886,ai.elimu.kukariri,1.0,10387,,0,0,อยู่,182
3300,1790860918,ai.elimu.kukariri,1.0,32669,,0,0,แม่,187
3301,1790860973,ai.elimu.kukariri,0.0,54995,,0,0,น้อย,191
3302,1790861045,ai.elimu.kukariri,0.0,30990,,0,0,เห็น,194
3303,1790861061,ai.elimu.kukariri,0.0,15670,,0,0,ลง,82
3304,1790861174,ai.elimu.kukariri,1.0,112942,,0,0,พูด,111
3305,1790861251,ai.elimu.kukariri,1.0,12633,,0,0,น้อย,191
3306,1790861254,ai.elimu.kukariri,1.0,2175,,0,0,เห็น,194
3307,1790861255,ai.elimu.kukariri,1.0,1637,,0,0,ลง,82
3308,1790861290,ai.elimu.kukariri,0.0,35022,,0,0,ช่วย,201
3309,1790861294,ai.elimu.kukariri,1.0,4112,,0,0,นก,63
3310,1790930597,ai.elimu.kukariri,1.0,6337,,0,0,ตัว,74
3311,1790930603,ai.elimu.kukariri,0.0,5991,,0,0,อยู่,182
